{"Version":"1.0.0.0","LastState":11,"Modules":[{"ModuleName":"Front Left","ModuleId":0,"Encoder":{"Id":12,"Name":"Front Left Encoder","Model":"CANCoder","CANbus":"rio","CANbusFriendly":"","SelectedMotorType":null,"IsStandaloneFx":false},"SteerMotor":{"Id":2,"Name":"Front Left Turn","Model":"Talon FX vers. C","CANbus":"rio","CANbusFriendly":"","SelectedMotorType":{"Name":"WCP Kraken x60","FreeSpeedRps":96.7},"IsStandaloneFx":false},"DriveMotor":{"Id":1,"Name":"Front Left Drive","Model":"Talon FX vers. C","CANbus":"rio","CANbusFriendly":"","SelectedMotorType":{"Name":"WCP Kraken x60","FreeSpeedRps":96.7},"IsStandaloneFx":false},"IsEncoderInverted":false,"IsSteerInverted":true,"SelectedEncoderType":"CANcoder","EncoderOffset":-0.330322265625,"DriveMotorSelectionState":1,"SteerMotorSelectionState":1,"SteerEncoderSelectionState":1,"IsModuleValidationComplete":true,"ValidatedSteerId":2,"ValidatedDriveId":1,"ValidatedEncoderId":12,"AvailEncoders":[{"Id":12,"Name":"Front Left Encoder","Model":"CANCoder","CANbus":"rio","CANbusFriendly":"","SelectedMotorType":null,"IsStandaloneFx":false},{"Id":14,"Name":"Back Left Encoder","Model":"CANCoder vers. H","CANbus":"rio","CANbusFriendly":"","SelectedMotorType":null,"IsStandaloneFx":false},{"Id":16,"Name":"Back Right Encoder","Model":"CANCoder vers. H","CANbus":"rio","CANbusFriendly":"","SelectedMotorType":null,"IsStandaloneFx":false},{"Id":18,"Name":"Front Right Encoder","Model":"CANCoder vers. H","CANbus":"rio","CANbusFriendly":"","SelectedMotorType":null,"IsStandaloneFx":false}],"IsEncoderTypeCAN":true,"IsDeviceSelectionCompleted":true,"IsConfigurationCompleted":true,"AvailEncoderTypes":["CANcoder"]},{"ModuleName":"Front Right","ModuleId":1,"Encoder":{"Id":18,"Name":"Front Right Encoder","Model":"CANCoder vers. H","CANbus":"rio","CANbusFriendly":"","SelectedMotorType":null,"IsStandaloneFx":false},"SteerMotor":{"Id":8,"Name":"Front Right Turn","Model":"Talon FX vers. C","CANbus":"rio","CANbusFriendly":"","SelectedMotorType":{"Name":"WCP Kraken x60","FreeSpeedRps":96.7},"IsStandaloneFx":false},"DriveMotor":{"Id":7,"Name":"Front Right Drive","Model":"Talon FX vers. C","CANbus":"rio","CANbusFriendly":"","SelectedMotorType":{"Name":"WCP Kraken x60","FreeSpeedRps":96.7},"IsStandaloneFx":false},"IsEncoderInverted":false,"IsSteerInverted":true,"SelectedEncoderType":"CANcoder","EncoderOffset":0.448486328125,"DriveMotorSelectionState":1,"SteerMotorSelectionState":1,"SteerEncoderSelectionState":1,"IsModuleValidationComplete":true,"ValidatedSteerId":8,"ValidatedDriveId":7,"ValidatedEncoderId":18,"AvailEncoders":[{"Id":12,"Name":"Front Left Encoder","Model":"CANCoder","CANbus":"rio","CANbusFriendly":"","SelectedMotorType":null,"IsStandaloneFx":false},{"Id":14,"Name":"Back Left Encoder","Model":"CANCoder vers. H","CANbus":"rio","CANbusFriendly":"","SelectedMotorType":null,"IsStandaloneFx":false},{"Id":16,"Name":"Back Right Encoder","Model":"CANCoder vers. H","CANbus":"rio","CANbusFriendly":"","SelectedMotorType":null,"IsStandaloneFx":false},{"Id":18,"Name":"Front Right Encoder","Model":"CANCoder vers. H","CANbus":"rio","CANbusFriendly":"","SelectedMotorType":null,"IsStandaloneFx":false}],"IsEncoderTypeCAN":true,"IsDeviceSelectionCompleted":true,"IsConfigurationCompleted":true,"AvailEncoderTypes":["CANcoder"]},{"ModuleName":"Back Left","ModuleId":2,"Encoder":{"Id":14,"Name":"Back Left Encoder","Model":"CANCoder vers. H","CANbus":"rio","CANbusFriendly":"","SelectedMotorType":null,"IsStandaloneFx":false},"SteerMotor":{"Id":4,"Name":"Back Left Turn","Model":"Talon FX vers. C","CANbus":"rio","CANbusFriendly":"","SelectedMotorType":{"Name":"WCP Kraken x60","FreeSpeedRps":96.7},"IsStandaloneFx":false},"DriveMotor":{"Id":3,"Name":"Back Left Drive","Model":"Talon FX vers. C","CANbus":"rio","CANbusFriendly":"","SelectedMotorType":{"Name":"WCP Kraken x60","FreeSpeedRps":96.7},"IsStandaloneFx":false},"IsEncoderInverted":false,"IsSteerInverted":true,"SelectedEncoderType":"CANcoder","EncoderOffset":-0.166748046875,"DriveMotorSelectionState":1,"SteerMotorSelectionState":1,"SteerEncoderSelectionState":1,"IsModuleValidationComplete":true,"ValidatedSteerId":4,"ValidatedDriveId":3,"ValidatedEncoderId":14,"AvailEncoders":[{"Id":12,"Name":"Front Left Encoder","Model":"CANCoder","CANbus":"rio","CANbusFriendly":"","SelectedMotorType":null,"IsStandaloneFx":false},{"Id":14,"Name":"Back Left Encoder","Model":"CANCoder vers. H","CANbus":"rio","CANbusFriendly":"","SelectedMotorType":null,"IsStandaloneFx":false},{"Id":16,"Name":"Back Right Encoder","Model":"CANCoder vers. H","CANbus":"rio","CANbusFriendly":"","SelectedMotorType":null,"IsStandaloneFx":false},{"Id":18,"Name":"Front Right Encoder","Model":"CANCoder vers. H","CANbus":"rio","CANbusFriendly":"","SelectedMotorType":null,"IsStandaloneFx":false}],"IsEncoderTypeCAN":true,"IsDeviceSelectionCompleted":true,"IsConfigurationCompleted":true,"AvailEncoderTypes":["CANcoder"]},{"ModuleName":"Back Right","ModuleId":3,"Encoder":{"Id":16,"Name":"Back Right Encoder","Model":"CANCoder vers. H","CANbus":"rio","CANbusFriendly":"","SelectedMotorType":null,"IsStandaloneFx":false},"SteerMotor":{"Id":6,"Name":"Back Right Turn","Model":"Talon FX vers. C","CANbus":"rio","CANbusFriendly":"","SelectedMotorType":{"Name":"WCP Kraken x60","FreeSpeedRps":96.7},"IsStandaloneFx":false},"DriveMotor":{"Id":5,"Name":"Back Right Drive","Model":"Talon FX vers. C","CANbus":"rio","CANbusFriendly":"","SelectedMotorType":{"Name":"WCP Kraken x60","FreeSpeedRps":96.7},"IsStandaloneFx":false},"IsEncoderInverted":false,"IsSteerInverted":true,"SelectedEncoderType":"CANcoder","EncoderOffset":-0.09326171875,"DriveMotorSelectionState":1,"SteerMotorSelectionState":1,"SteerEncoderSelectionState":1,"IsModuleValidationComplete":true,"ValidatedSteerId":6,"ValidatedDriveId":5,"ValidatedEncoderId":16,"AvailEncoders":[{"Id":12,"Name":"Front Left Encoder","Model":"CANCoder","CANbus":"rio","CANbusFriendly":"","SelectedMotorType":null,"IsStandaloneFx":false},{"Id":14,"Name":"Back Left Encoder","Model":"CANCoder vers. H","CANbus":"rio","CANbusFriendly":"","SelectedMotorType":null,"IsStandaloneFx":false},{"Id":16,"Name":"Back Right Encoder","Model":"CANCoder vers. H","CANbus":"rio","CANbusFriendly":"","SelectedMotorType":null,"IsStandaloneFx":false},{"Id":18,"Name":"Front Right Encoder","Model":"CANCoder vers. H","CANbus":"rio","CANbusFriendly":"","SelectedMotorType":null,"IsStandaloneFx":false}],"IsEncoderTypeCAN":true,"IsDeviceSelectionCompleted":true,"IsConfigurationCompleted":true,"AvailEncoderTypes":["CANcoder"]}],"SwerveOptions":{"kSpeedAt12Volts":4.731460295787658,"Gyro":{"Id":0,"Name":"Pigeon 2 vers. S (Device ID 0)","Model":"Pigeon 2 vers. S","CANbus":"rio","CANbusFriendly":"","SelectedMotorType":null,"IsStandaloneFx":false},"IsValidGyroCANbus":true,"VerticalTrackSizeInches":24.5,"HorizontalTrackSizeInches":24.5,"WheelRadiusInches":2.0,"IsLeftSideInverted":false,"IsRightSideInverted":true,"SwerveModuleType":4,"SwerveModuleConfiguration":{"ModuleBrand":4,"DriveRatio":6.746031746031747,"SteerRatio":21.428571428571427,"CouplingRatio":3.5714285714285716,"CustomName":"L2"},"HasVerifiedSteer":true,"HasVerifiedDrive":true,"IsValidConfiguration":true}}